,ID,tweet,topic,label,partition,tweet_embedded
0,2312,i really don't understand how some people are pro-choice. a life is a life no matter if it's 2 weeks old or 20 years old.,Abortion,AGAINST,train,"What is the stance of the tweet below with respect to 'Legalization of Abortion'?  If we can infer from the tweet that the tweeter supports 'Legalization of Abortion', please label it as 'in-favor'. If we can infer from the tweet that the tweeter is against 'Legalization of Abortion', please label is as 'against'. If we can infer from the tweet that the tweeter has a neutral stance towards 'Legalization of Abortion', please label it as 'neutral-or-unclear'. If there is no clue in the tweet to reveal the stance of the tweeter towards 'Legalization of Abortion', please also label is as 'neutral-or-unclear'. Please use exactly one word from the following 3 categories to label it: 'in-favor', 'against', 'neutral-or-unclear'. Here is the tweet. 'i really don't understand how some people are pro-choice. a life is a life no matter if it's 2 weeks old or 20 years old.' The stance of the tweet is: "
1,2313,let's agree that it's not ok to kill a 7lbs baby in the uterus @USERNAME #dnc #clinton2016 @USERNAME #procompromise,Abortion,AGAINST,train,"What is the stance of the tweet below with respect to 'Legalization of Abortion'?  If we can infer from the tweet that the tweeter supports 'Legalization of Abortion', please label it as 'in-favor'. If we can infer from the tweet that the tweeter is against 'Legalization of Abortion', please label is as 'against'. If we can infer from the tweet that the tweeter has a neutral stance towards 'Legalization of Abortion', please label it as 'neutral-or-unclear'. If there is no clue in the tweet to reveal the stance of the tweeter towards 'Legalization of Abortion', please also label is as 'neutral-or-unclear'. Please use exactly one word from the following 3 categories to label it: 'in-favor', 'against', 'neutral-or-unclear'. Here is the tweet. 'let's agree that it's not ok to kill a 7lbs baby in the uterus @USERNAME #dnc #clinton2016 @USERNAME #procompromise' The stance of the tweet is: "
2,2314,"@USERNAME i would like to see poll: how many abortion doctors have told a woman 'no, an abortion is not required in your case.",Abortion,AGAINST,train,"What is the stance of the tweet below with respect to 'Legalization of Abortion'?  If we can infer from the tweet that the tweeter supports 'Legalization of Abortion', please label it as 'in-favor'. If we can infer from the tweet that the tweeter is against 'Legalization of Abortion', please label is as 'against'. If we can infer from the tweet that the tweeter has a neutral stance towards 'Legalization of Abortion', please label it as 'neutral-or-unclear'. If there is no clue in the tweet to reveal the stance of the tweeter towards 'Legalization of Abortion', please also label is as 'neutral-or-unclear'. Please use exactly one word from the following 3 categories to label it: 'in-favor', 'against', 'neutral-or-unclear'. Here is the tweet. '@USERNAME i would like to see poll: how many abortion doctors have told a woman 'no, an abortion is not required in your case.' The stance of the tweet is: "
3,2315,democrats are always against 'personhood' or what they perceive to be legislation to recognize #personhood. always. #colorado,Abortion,AGAINST,train,"What is the stance of the tweet below with respect to 'Legalization of Abortion'?  If we can infer from the tweet that the tweeter supports 'Legalization of Abortion', please label it as 'in-favor'. If we can infer from the tweet that the tweeter is against 'Legalization of Abortion', please label is as 'against'. If we can infer from the tweet that the tweeter has a neutral stance towards 'Legalization of Abortion', please label it as 'neutral-or-unclear'. If there is no clue in the tweet to reveal the stance of the tweeter towards 'Legalization of Abortion', please also label is as 'neutral-or-unclear'. Please use exactly one word from the following 3 categories to label it: 'in-favor', 'against', 'neutral-or-unclear'. Here is the tweet. 'democrats are always against 'personhood' or what they perceive to be legislation to recognize #personhood. always. #colorado' The stance of the tweet is: "
4,2316,"@USERNAME 'if you don't draw the line where i've arbitrarily drawn it, you can't draw it anywhere.' nonsense.",Abortion,NONE,train,"What is the stance of the tweet below with respect to 'Legalization of Abortion'?  If we can infer from the tweet that the tweeter supports 'Legalization of Abortion', please label it as 'in-favor'. If we can infer from the tweet that the tweeter is against 'Legalization of Abortion', please label is as 'against'. If we can infer from the tweet that the tweeter has a neutral stance towards 'Legalization of Abortion', please label it as 'neutral-or-unclear'. If there is no clue in the tweet to reveal the stance of the tweeter towards 'Legalization of Abortion', please also label is as 'neutral-or-unclear'. Please use exactly one word from the following 3 categories to label it: 'in-favor', 'against', 'neutral-or-unclear'. Here is the tweet. '@USERNAME 'if you don't draw the line where i've arbitrarily drawn it, you can't draw it anywhere.' nonsense.' The stance of the tweet is: "
5,2317,"@USERNAME that lady needs help, mental illness is a serious issue.",Abortion,NONE,train,"What is the stance of the tweet below with respect to 'Legalization of Abortion'?  If we can infer from the tweet that the tweeter supports 'Legalization of Abortion', please label it as 'in-favor'. If we can infer from the tweet that the tweeter is against 'Legalization of Abortion', please label is as 'against'. If we can infer from the tweet that the tweeter has a neutral stance towards 'Legalization of Abortion', please label it as 'neutral-or-unclear'. If there is no clue in the tweet to reveal the stance of the tweeter towards 'Legalization of Abortion', please also label is as 'neutral-or-unclear'. Please use exactly one word from the following 3 categories to label it: 'in-favor', 'against', 'neutral-or-unclear'. Here is the tweet. '@USERNAME that lady needs help, mental illness is a serious issue.' The stance of the tweet is: "
6,2318,new video: 'i'm not seeing it as a human being.' @USERNAME @USERNAME @USERNAME @USERNAME #prolife...,Abortion,AGAINST,train,"What is the stance of the tweet below with respect to 'Legalization of Abortion'?  If we can infer from the tweet that the tweeter supports 'Legalization of Abortion', please label it as 'in-favor'. If we can infer from the tweet that the tweeter is against 'Legalization of Abortion', please label is as 'against'. If we can infer from the tweet that the tweeter has a neutral stance towards 'Legalization of Abortion', please label it as 'neutral-or-unclear'. If there is no clue in the tweet to reveal the stance of the tweeter towards 'Legalization of Abortion', please also label is as 'neutral-or-unclear'. Please use exactly one word from the following 3 categories to label it: 'in-favor', 'against', 'neutral-or-unclear'. Here is the tweet. 'new video: 'i'm not seeing it as a human being.' @USERNAME @USERNAME @USERNAME @USERNAME #prolife...' The stance of the tweet is: "
7,2319,"'we're all human, aren't we? every human life is worth the same, and worth saving.' -j.k. rowling #...",Abortion,AGAINST,train,"What is the stance of the tweet below with respect to 'Legalization of Abortion'?  If we can infer from the tweet that the tweeter supports 'Legalization of Abortion', please label it as 'in-favor'. If we can infer from the tweet that the tweeter is against 'Legalization of Abortion', please label is as 'against'. If we can infer from the tweet that the tweeter has a neutral stance towards 'Legalization of Abortion', please label it as 'neutral-or-unclear'. If there is no clue in the tweet to reveal the stance of the tweeter towards 'Legalization of Abortion', please also label is as 'neutral-or-unclear'. Please use exactly one word from the following 3 categories to label it: 'in-favor', 'against', 'neutral-or-unclear'. Here is the tweet. ''we're all human, aren't we? every human life is worth the same, and worth saving.' -j.k. rowling #...' The stance of the tweet is: "
8,2320,someone snitched on the mom having sex with and playing naked twister with teens. i bet it was her cock blocking ass children.,Abortion,NONE,train,"What is the stance of the tweet below with respect to 'Legalization of Abortion'?  If we can infer from the tweet that the tweeter supports 'Legalization of Abortion', please label it as 'in-favor'. If we can infer from the tweet that the tweeter is against 'Legalization of Abortion', please label is as 'against'. If we can infer from the tweet that the tweeter has a neutral stance towards 'Legalization of Abortion', please label it as 'neutral-or-unclear'. If there is no clue in the tweet to reveal the stance of the tweeter towards 'Legalization of Abortion', please also label is as 'neutral-or-unclear'. Please use exactly one word from the following 3 categories to label it: 'in-favor', 'against', 'neutral-or-unclear'. Here is the tweet. 'someone snitched on the mom having sex with and playing naked twister with teens. i bet it was her cock blocking ass children.' The stance of the tweet is: "
9,2321,"#sb724 passes sen. judiciary cmte.this bill is an effort to shame women out of their personal, private medical decision to have an",Abortion,FAVOR,train,"What is the stance of the tweet below with respect to 'Legalization of Abortion'?  If we can infer from the tweet that the tweeter supports 'Legalization of Abortion', please label it as 'in-favor'. If we can infer from the tweet that the tweeter is against 'Legalization of Abortion', please label is as 'against'. If we can infer from the tweet that the tweeter has a neutral stance towards 'Legalization of Abortion', please label it as 'neutral-or-unclear'. If there is no clue in the tweet to reveal the stance of the tweeter towards 'Legalization of Abortion', please also label is as 'neutral-or-unclear'. Please use exactly one word from the following 3 categories to label it: 'in-favor', 'against', 'neutral-or-unclear'. Here is the tweet. '#sb724 passes sen. judiciary cmte.this bill is an effort to shame women out of their personal, private medical decision to have an' The stance of the tweet is: "
10,2322,#debbiewashermanschultz the woman has a voice the doctor has a voice. who speaks for the baby? i'm just askin.,Abortion,AGAINST,train,"What is the stance of the tweet below with respect to 'Legalization of Abortion'?  If we can infer from the tweet that the tweeter supports 'Legalization of Abortion', please label it as 'in-favor'. If we can infer from the tweet that the tweeter is against 'Legalization of Abortion', please label is as 'against'. If we can infer from the tweet that the tweeter has a neutral stance towards 'Legalization of Abortion', please label it as 'neutral-or-unclear'. If there is no clue in the tweet to reveal the stance of the tweeter towards 'Legalization of Abortion', please also label is as 'neutral-or-unclear'. Please use exactly one word from the following 3 categories to label it: 'in-favor', 'against', 'neutral-or-unclear'. Here is the tweet. '#debbiewashermanschultz the woman has a voice the doctor has a voice. who speaks for the baby? i'm just askin.' The stance of the tweet is: "
11,2323,"a needed, safe medical procedure is available to women. unfortunately, rw men say they should make women's decisions. sad, huh?",Abortion,FAVOR,train,"What is the stance of the tweet below with respect to 'Legalization of Abortion'?  If we can infer from the tweet that the tweeter supports 'Legalization of Abortion', please label it as 'in-favor'. If we can infer from the tweet that the tweeter is against 'Legalization of Abortion', please label is as 'against'. If we can infer from the tweet that the tweeter has a neutral stance towards 'Legalization of Abortion', please label it as 'neutral-or-unclear'. If there is no clue in the tweet to reveal the stance of the tweeter towards 'Legalization of Abortion', please also label is as 'neutral-or-unclear'. Please use exactly one word from the following 3 categories to label it: 'in-favor', 'against', 'neutral-or-unclear'. Here is the tweet. 'a needed, safe medical procedure is available to women. unfortunately, rw men say they should make women's decisions. sad, huh?' The stance of the tweet is: "
12,2324,'it seems to me clear as daylight that abortion would be a crime.' -ghandi #prolifeyouth,Abortion,AGAINST,train,"What is the stance of the tweet below with respect to 'Legalization of Abortion'?  If we can infer from the tweet that the tweeter supports 'Legalization of Abortion', please label it as 'in-favor'. If we can infer from the tweet that the tweeter is against 'Legalization of Abortion', please label is as 'against'. If we can infer from the tweet that the tweeter has a neutral stance towards 'Legalization of Abortion', please label it as 'neutral-or-unclear'. If there is no clue in the tweet to reveal the stance of the tweeter towards 'Legalization of Abortion', please also label is as 'neutral-or-unclear'. Please use exactly one word from the following 3 categories to label it: 'in-favor', 'against', 'neutral-or-unclear'. Here is the tweet. ''it seems to me clear as daylight that abortion would be a crime.' -ghandi #prolifeyouth' The stance of the tweet is: "
13,2325,@USERNAME defunding pp won't mean fewer abortions. it will mean more dead women.,Abortion,FAVOR,train,"What is the stance of the tweet below with respect to 'Legalization of Abortion'?  If we can infer from the tweet that the tweeter supports 'Legalization of Abortion', please label it as 'in-favor'. If we can infer from the tweet that the tweeter is against 'Legalization of Abortion', please label is as 'against'. If we can infer from the tweet that the tweeter has a neutral stance towards 'Legalization of Abortion', please label it as 'neutral-or-unclear'. If there is no clue in the tweet to reveal the stance of the tweeter towards 'Legalization of Abortion', please also label is as 'neutral-or-unclear'. Please use exactly one word from the following 3 categories to label it: 'in-favor', 'against', 'neutral-or-unclear'. Here is the tweet. '@USERNAME defunding pp won't mean fewer abortions. it will mean more dead women.' The stance of the tweet is: "
14,2326,"govt cannot force you to get chemo but if you're a fetus, you must live! #julieborowski #reproductiverights",Abortion,FAVOR,train,"What is the stance of the tweet below with respect to 'Legalization of Abortion'?  If we can infer from the tweet that the tweeter supports 'Legalization of Abortion', please label it as 'in-favor'. If we can infer from the tweet that the tweeter is against 'Legalization of Abortion', please label is as 'against'. If we can infer from the tweet that the tweeter has a neutral stance towards 'Legalization of Abortion', please label it as 'neutral-or-unclear'. If there is no clue in the tweet to reveal the stance of the tweeter towards 'Legalization of Abortion', please also label is as 'neutral-or-unclear'. Please use exactly one word from the following 3 categories to label it: 'in-favor', 'against', 'neutral-or-unclear'. Here is the tweet. 'govt cannot force you to get chemo but if you're a fetus, you must live! #julieborowski #reproductiverights' The stance of the tweet is: "
15,2327,"a person's a person, no matter how small. - dr. suess #waar",Abortion,AGAINST,train,"What is the stance of the tweet below with respect to 'Legalization of Abortion'?  If we can infer from the tweet that the tweeter supports 'Legalization of Abortion', please label it as 'in-favor'. If we can infer from the tweet that the tweeter is against 'Legalization of Abortion', please label is as 'against'. If we can infer from the tweet that the tweeter has a neutral stance towards 'Legalization of Abortion', please label it as 'neutral-or-unclear'. If there is no clue in the tweet to reveal the stance of the tweeter towards 'Legalization of Abortion', please also label is as 'neutral-or-unclear'. Please use exactly one word from the following 3 categories to label it: 'in-favor', 'against', 'neutral-or-unclear'. Here is the tweet. 'a person's a person, no matter how small. - dr. suess #waar' The stance of the tweet is: "
16,2328,as long as they are allowed to show medically correct photos of contraception use at the family planning table #stopabortion,Abortion,AGAINST,train,"What is the stance of the tweet below with respect to 'Legalization of Abortion'?  If we can infer from the tweet that the tweeter supports 'Legalization of Abortion', please label it as 'in-favor'. If we can infer from the tweet that the tweeter is against 'Legalization of Abortion', please label is as 'against'. If we can infer from the tweet that the tweeter has a neutral stance towards 'Legalization of Abortion', please label it as 'neutral-or-unclear'. If there is no clue in the tweet to reveal the stance of the tweeter towards 'Legalization of Abortion', please also label is as 'neutral-or-unclear'. Please use exactly one word from the following 3 categories to label it: 'in-favor', 'against', 'neutral-or-unclear'. Here is the tweet. 'as long as they are allowed to show medically correct photos of contraception use at the family planning table #stopabortion' The stance of the tweet is: "
17,2329,"thanks for gently spoken truth, @USERNAME ! how do we as a nation 'protect the innocent'? #thefive #ccot #dnc #rnc",Abortion,AGAINST,train,"What is the stance of the tweet below with respect to 'Legalization of Abortion'?  If we can infer from the tweet that the tweeter supports 'Legalization of Abortion', please label it as 'in-favor'. If we can infer from the tweet that the tweeter is against 'Legalization of Abortion', please label is as 'against'. If we can infer from the tweet that the tweeter has a neutral stance towards 'Legalization of Abortion', please label it as 'neutral-or-unclear'. If there is no clue in the tweet to reveal the stance of the tweeter towards 'Legalization of Abortion', please also label is as 'neutral-or-unclear'. Please use exactly one word from the following 3 categories to label it: 'in-favor', 'against', 'neutral-or-unclear'. Here is the tweet. 'thanks for gently spoken truth, @USERNAME ! how do we as a nation 'protect the innocent'? #thefive #ccot #dnc #rnc' The stance of the tweet is: "
18,2330,@USERNAME @USERNAME #obama cares more about deserters than unborn babies #protecttheunprotected #antiabortion,Abortion,AGAINST,train,"What is the stance of the tweet below with respect to 'Legalization of Abortion'?  If we can infer from the tweet that the tweeter supports 'Legalization of Abortion', please label it as 'in-favor'. If we can infer from the tweet that the tweeter is against 'Legalization of Abortion', please label is as 'against'. If we can infer from the tweet that the tweeter has a neutral stance towards 'Legalization of Abortion', please label it as 'neutral-or-unclear'. If there is no clue in the tweet to reveal the stance of the tweeter towards 'Legalization of Abortion', please also label is as 'neutral-or-unclear'. Please use exactly one word from the following 3 categories to label it: 'in-favor', 'against', 'neutral-or-unclear'. Here is the tweet. '@USERNAME @USERNAME #obama cares more about deserters than unborn babies #protecttheunprotected #antiabortion' The stance of the tweet is: "
19,2331,"dear nuns, your advocacy of tax paying is weird. #war #iraq #deathpenalty #taxespayforthistoo #taxpayerpride",Abortion,NONE,train,"What is the stance of the tweet below with respect to 'Legalization of Abortion'?  If we can infer from the tweet that the tweeter supports 'Legalization of Abortion', please label it as 'in-favor'. If we can infer from the tweet that the tweeter is against 'Legalization of Abortion', please label is as 'against'. If we can infer from the tweet that the tweeter has a neutral stance towards 'Legalization of Abortion', please label it as 'neutral-or-unclear'. If there is no clue in the tweet to reveal the stance of the tweeter towards 'Legalization of Abortion', please also label is as 'neutral-or-unclear'. Please use exactly one word from the following 3 categories to label it: 'in-favor', 'against', 'neutral-or-unclear'. Here is the tweet. 'dear nuns, your advocacy of tax paying is weird. #war #iraq #deathpenalty #taxespayforthistoo #taxpayerpride' The stance of the tweet is: "
20,2332,i've noticed that everybody that is for abortion has already been born-ronald reagan #letthemlive #alllivesmatter,Abortion,AGAINST,train,"What is the stance of the tweet below with respect to 'Legalization of Abortion'?  If we can infer from the tweet that the tweeter supports 'Legalization of Abortion', please label it as 'in-favor'. If we can infer from the tweet that the tweeter is against 'Legalization of Abortion', please label is as 'against'. If we can infer from the tweet that the tweeter has a neutral stance towards 'Legalization of Abortion', please label it as 'neutral-or-unclear'. If there is no clue in the tweet to reveal the stance of the tweeter towards 'Legalization of Abortion', please also label is as 'neutral-or-unclear'. Please use exactly one word from the following 3 categories to label it: 'in-favor', 'against', 'neutral-or-unclear'. Here is the tweet. 'i've noticed that everybody that is for abortion has already been born-ronald reagan #letthemlive #alllivesmatter' The stance of the tweet is: "
21,2333,follow #patriot --> @USERNAME. thanks for following back!! #truth #liberty #justice #proisrael #wakeupamerica #freeamirnow,Abortion,NONE,train,"What is the stance of the tweet below with respect to 'Legalization of Abortion'?  If we can infer from the tweet that the tweeter supports 'Legalization of Abortion', please label it as 'in-favor'. If we can infer from the tweet that the tweeter is against 'Legalization of Abortion', please label is as 'against'. If we can infer from the tweet that the tweeter has a neutral stance towards 'Legalization of Abortion', please label it as 'neutral-or-unclear'. If there is no clue in the tweet to reveal the stance of the tweeter towards 'Legalization of Abortion', please also label is as 'neutral-or-unclear'. Please use exactly one word from the following 3 categories to label it: 'in-favor', 'against', 'neutral-or-unclear'. Here is the tweet. 'follow #patriot --> @USERNAME. thanks for following back!! #truth #liberty #justice #proisrael #wakeupamerica #freeamirnow' The stance of the tweet is: "
22,2334,".@USERNAME not sure i agree with her decision but, it is her decision.i wonder how many of the critics would support abortion?",Abortion,FAVOR,train,"What is the stance of the tweet below with respect to 'Legalization of Abortion'?  If we can infer from the tweet that the tweeter supports 'Legalization of Abortion', please label it as 'in-favor'. If we can infer from the tweet that the tweeter is against 'Legalization of Abortion', please label is as 'against'. If we can infer from the tweet that the tweeter has a neutral stance towards 'Legalization of Abortion', please label it as 'neutral-or-unclear'. If there is no clue in the tweet to reveal the stance of the tweeter towards 'Legalization of Abortion', please also label is as 'neutral-or-unclear'. Please use exactly one word from the following 3 categories to label it: 'in-favor', 'against', 'neutral-or-unclear'. Here is the tweet. '.@USERNAME not sure i agree with her decision but, it is her decision.i wonder how many of the critics would support abortion?' The stance of the tweet is: "
23,2335,patient advocate stephen casey of texas center for defense of life strongly supports #hb3074. #txlege,Abortion,AGAINST,train,"What is the stance of the tweet below with respect to 'Legalization of Abortion'?  If we can infer from the tweet that the tweeter supports 'Legalization of Abortion', please label it as 'in-favor'. If we can infer from the tweet that the tweeter is against 'Legalization of Abortion', please label is as 'against'. If we can infer from the tweet that the tweeter has a neutral stance towards 'Legalization of Abortion', please label it as 'neutral-or-unclear'. If there is no clue in the tweet to reveal the stance of the tweeter towards 'Legalization of Abortion', please also label is as 'neutral-or-unclear'. Please use exactly one word from the following 3 categories to label it: 'in-favor', 'against', 'neutral-or-unclear'. Here is the tweet. 'patient advocate stephen casey of texas center for defense of life strongly supports #hb3074. #txlege' The stance of the tweet is: "
24,2336,are the same people who are red faced and frothing over abortion also against the death penalty? just wondering... #deathpenalty,Abortion,FAVOR,train,"What is the stance of the tweet below with respect to 'Legalization of Abortion'?  If we can infer from the tweet that the tweeter supports 'Legalization of Abortion', please label it as 'in-favor'. If we can infer from the tweet that the tweeter is against 'Legalization of Abortion', please label is as 'against'. If we can infer from the tweet that the tweeter has a neutral stance towards 'Legalization of Abortion', please label it as 'neutral-or-unclear'. If there is no clue in the tweet to reveal the stance of the tweeter towards 'Legalization of Abortion', please also label is as 'neutral-or-unclear'. Please use exactly one word from the following 3 categories to label it: 'in-favor', 'against', 'neutral-or-unclear'. Here is the tweet. 'are the same people who are red faced and frothing over abortion also against the death penalty? just wondering... #deathpenalty' The stance of the tweet is: "
25,2337,hey megan--a baby's heart starts beating at 21 days after conception. no time is the right time to end its life!! #kellyfile,Abortion,AGAINST,train,"What is the stance of the tweet below with respect to 'Legalization of Abortion'?  If we can infer from the tweet that the tweeter supports 'Legalization of Abortion', please label it as 'in-favor'. If we can infer from the tweet that the tweeter is against 'Legalization of Abortion', please label is as 'against'. If we can infer from the tweet that the tweeter has a neutral stance towards 'Legalization of Abortion', please label it as 'neutral-or-unclear'. If there is no clue in the tweet to reveal the stance of the tweeter towards 'Legalization of Abortion', please also label is as 'neutral-or-unclear'. Please use exactly one word from the following 3 categories to label it: 'in-favor', 'against', 'neutral-or-unclear'. Here is the tweet. 'hey megan--a baby's heart starts beating at 21 days after conception. no time is the right time to end its life!! #kellyfile' The stance of the tweet is: "
26,2338,@USERNAME not so great for the women you want to force to give birth against their wills. #rapeculture,Abortion,FAVOR,train,"What is the stance of the tweet below with respect to 'Legalization of Abortion'?  If we can infer from the tweet that the tweeter supports 'Legalization of Abortion', please label it as 'in-favor'. If we can infer from the tweet that the tweeter is against 'Legalization of Abortion', please label is as 'against'. If we can infer from the tweet that the tweeter has a neutral stance towards 'Legalization of Abortion', please label it as 'neutral-or-unclear'. If there is no clue in the tweet to reveal the stance of the tweeter towards 'Legalization of Abortion', please also label is as 'neutral-or-unclear'. Please use exactly one word from the following 3 categories to label it: 'in-favor', 'against', 'neutral-or-unclear'. Here is the tweet. '@USERNAME not so great for the women you want to force to give birth against their wills. #rapeculture' The stance of the tweet is: "
27,2339,what a great day to argue the benefits of making abortion legal,Abortion,FAVOR,train,"What is the stance of the tweet below with respect to 'Legalization of Abortion'?  If we can infer from the tweet that the tweeter supports 'Legalization of Abortion', please label it as 'in-favor'. If we can infer from the tweet that the tweeter is against 'Legalization of Abortion', please label is as 'against'. If we can infer from the tweet that the tweeter has a neutral stance towards 'Legalization of Abortion', please label it as 'neutral-or-unclear'. If there is no clue in the tweet to reveal the stance of the tweeter towards 'Legalization of Abortion', please also label is as 'neutral-or-unclear'. Please use exactly one word from the following 3 categories to label it: 'in-favor', 'against', 'neutral-or-unclear'. Here is the tweet. 'what a great day to argue the benefits of making abortion legal' The stance of the tweet is: "
28,2340,if my body is the only way you can live and i don't want that i have the right to dismiss you. i don't know why that's a problem,Abortion,FAVOR,train,"What is the stance of the tweet below with respect to 'Legalization of Abortion'?  If we can infer from the tweet that the tweeter supports 'Legalization of Abortion', please label it as 'in-favor'. If we can infer from the tweet that the tweeter is against 'Legalization of Abortion', please label is as 'against'. If we can infer from the tweet that the tweeter has a neutral stance towards 'Legalization of Abortion', please label it as 'neutral-or-unclear'. If there is no clue in the tweet to reveal the stance of the tweeter towards 'Legalization of Abortion', please also label is as 'neutral-or-unclear'. Please use exactly one word from the following 3 categories to label it: 'in-favor', 'against', 'neutral-or-unclear'. Here is the tweet. 'if my body is the only way you can live and i don't want that i have the right to dismiss you. i don't know why that's a problem' The stance of the tweet is: "
29,2341,people who want kids can b prochoice. u don't have to want an abortion to b prochoice. people who had a miscarriage can b prochoice,Abortion,FAVOR,train,"What is the stance of the tweet below with respect to 'Legalization of Abortion'?  If we can infer from the tweet that the tweeter supports 'Legalization of Abortion', please label it as 'in-favor'. If we can infer from the tweet that the tweeter is against 'Legalization of Abortion', please label is as 'against'. If we can infer from the tweet that the tweeter has a neutral stance towards 'Legalization of Abortion', please label it as 'neutral-or-unclear'. If there is no clue in the tweet to reveal the stance of the tweeter towards 'Legalization of Abortion', please also label is as 'neutral-or-unclear'. Please use exactly one word from the following 3 categories to label it: 'in-favor', 'against', 'neutral-or-unclear'. Here is the tweet. 'people who want kids can b prochoice. u don't have to want an abortion to b prochoice. people who had a miscarriage can b prochoice' The stance of the tweet is: "
